{"fdcdm_537330":{"avgGF":2.0479220727800134,"avgGA":0.8623851695278613,"frozenAt":1781826154801},"fdcdm_537348":{"avgGF":2.0479220727800134,"avgGA":0.8623851695278613,"frozenAt":1781826154802},"fdcdm_537342":{"avgGF":2.0479220727800134,"avgGA":0.8623851695278613,"frozenAt":1781826154803},"fdcdm_537341":{"avgGF":1.9606479138908142,"avgGA":0.9256157781701,"frozenAt":1781829247836},"fdcdm_537359":{"avgGF":1.962079397186918,"avgGA":1.1349054182440939,"frozenAt":1781890125108},"fdcdm_537353":{"avgGF":2.120880296266628,"avgGA":1.011315315025107,"frozenAt":1781899321827},"fdcdm_537354":{"avgGF":1.994477686307219,"avgGA":1.071394518040527,"frozenAt":1781914553116},"fdcdm_537360":{"avgGF":2.018035291483585,"avgGA":1.027434736328316,"frozenAt":1781951328905},"fdcdm_537371":{"avgGF":1.9848061476200127,"avgGA":0.9823205270866323,"frozenAt":1781993747522},"fdcdm_537365":{"avgGF":1.9848061476200127,"avgGA":0.9823205270866323,"frozenAt":1781993747523},"fdcdm_537366":{"avgGF":1.8712089939109318,"avgGA":0.8159578623270491,"frozenAt":1782048556789},"fdcdm_537399":{"avgGF":1.9149893693861346,"avgGA":0.8279076756853526,"frozenAt":1782078638902},"fdcdm_537393":{"avgGF":1.9149893693861346,"avgGA":0.8279076756853526,"frozenAt":1782078638902},"fdcdm_537394":{"avgGF":2.2538799274209715,"avgGA":0.8811941207466387,"frozenAt":1782086474550},"fdcdm_537400":{"avgGF":2.142365453148508,"avgGA":1.0146763695356378,"frozenAt":1782124717284},"fdcdm_537405":{"avgGF":2.1228969415887873,"avgGA":1.026126040860099,"frozenAt":1782149725696},"fdcdm_537411":{"avgGF":2.029095229144749,"avgGA":1.0864248419498703,"frozenAt":1782158796686},"fdcdm_537412":{"avgGF":2.0585544429826883,"avgGA":1.1242941845856853,"frozenAt":1782170314374},"fdcdm_537406":{"avgGF":1.8550702821004994,"avgGA":1.1352558349513175,"frozenAt":1782180570807},"fdcdm_537337":{"avgGF":1.8375113072725149,"avgGA":1.108604143561122,"frozenAt":1782241680440},"fdcdm_537338":{"avgGF":1.8375113072725149,"avgGA":1.108604143561122,"frozenAt":1782241680444},"fdcdm_537344":{"avgGF":1.789302749422452,"avgGA":1.1003978730681958,"frozenAt":1782253332411},"fdcdm_537343":{"avgGF":1.789302749422452,"avgGA":1.1003978730681958,"frozenAt":1782253332412},"fdcdm_537331":{"avgGF":1.7096537494473463,"avgGA":1.011023274725271,"frozenAt":1782264277786},"fdcdm_537332":{"avgGF":1.7096537494473463,"avgGA":1.011023274725271,"frozenAt":1782264277789},"fdcdm_537355":{"avgGF":1.8774947894579386,"avgGA":1.0122857007158714,"frozenAt":1782343136855},"fdcdm_537356":{"avgGF":1.8774947894579386,"avgGA":1.0122857007158714,"frozenAt":1782343136856},"fdcdm_537361":{"avgGF":1.8774947894579386,"avgGA":1.0122857007158714,"frozenAt":1782343136856},"fdcdm_537362":{"avgGF":1.8774947894579386,"avgGA":1.0122857007158714,"frozenAt":1782343136857},"fdcdm_537350":{"avgGF":1.9363635203808705,"avgGA":1.1307781880271728,"frozenAt":1782357794279},"fdcdm_537395":{"avgGF":2.009690047719519,"avgGA":1.1452221585914972,"frozenAt":1782414417278},"fdcdm_537396":{"avgGF":2.009690047719519,"avgGA":1.1452221585914972,"frozenAt":1782414417281}}