{"fdcdm_537330":{"avgGF":2.0479220727800134,"avgGA":0.8623851695278613,"frozenAt":1781826154801},"fdcdm_537348":{"avgGF":2.0479220727800134,"avgGA":0.8623851695278613,"frozenAt":1781826154802},"fdcdm_537342":{"avgGF":2.0479220727800134,"avgGA":0.8623851695278613,"frozenAt":1781826154803},"fdcdm_537341":{"avgGF":1.9606479138908142,"avgGA":0.9256157781701,"frozenAt":1781829247836},"fdcdm_537359":{"avgGF":1.962079397186918,"avgGA":1.1349054182440939,"frozenAt":1781890125108},"fdcdm_537353":{"avgGF":2.120880296266628,"avgGA":1.011315315025107,"frozenAt":1781899321827},"fdcdm_537354":{"avgGF":1.994477686307219,"avgGA":1.071394518040527,"frozenAt":1781914553116},"fdcdm_537360":{"avgGF":2.018035291483585,"avgGA":1.027434736328316,"frozenAt":1781951328905},"fdcdm_537371":{"avgGF":1.9848061476200127,"avgGA":0.9823205270866323,"frozenAt":1781993747522},"fdcdm_537365":{"avgGF":1.9848061476200127,"avgGA":0.9823205270866323,"frozenAt":1781993747523},"fdcdm_537366":{"avgGF":1.8712089939109318,"avgGA":0.8159578623270491,"frozenAt":1782048556789},"fdcdm_537399":{"avgGF":1.9149893693861346,"avgGA":0.8279076756853526,"frozenAt":1782078638902},"fdcdm_537393":{"avgGF":1.9149893693861346,"avgGA":0.8279076756853526,"frozenAt":1782078638902},"fdcdm_537394":{"avgGF":2.2538799274209715,"avgGA":0.8811941207466387,"frozenAt":1782086474550},"fdcdm_537400":{"avgGF":2.142365453148508,"avgGA":1.0146763695356378,"frozenAt":1782124717284},"fdcdm_537405":{"avgGF":2.1228969415887873,"avgGA":1.026126040860099,"frozenAt":1782149725696},"fdcdm_537411":{"avgGF":2.029095229144749,"avgGA":1.0864248419498703,"frozenAt":1782158796686},"fdcdm_537412":{"avgGF":2.0585544429826883,"avgGA":1.1242941845856853,"frozenAt":1782170314374},"fdcdm_537406":{"avgGF":1.8550702821004994,"avgGA":1.1352558349513175,"frozenAt":1782180570807},"fdcdm_537337":{"avgGF":1.8375113072725149,"avgGA":1.108604143561122,"frozenAt":1782241680440},"fdcdm_537338":{"avgGF":1.8375113072725149,"avgGA":1.108604143561122,"frozenAt":1782241680444},"fdcdm_537344":{"avgGF":1.789302749422452,"avgGA":1.1003978730681958,"frozenAt":1782253332411},"fdcdm_537343":{"avgGF":1.789302749422452,"avgGA":1.1003978730681958,"frozenAt":1782253332412},"fdcdm_537331":{"avgGF":1.7096537494473463,"avgGA":1.011023274725271,"frozenAt":1782264277786},"fdcdm_537332":{"avgGF":1.7096537494473463,"avgGA":1.011023274725271,"frozenAt":1782264277789},"fdcdm_537355":{"avgGF":1.8774947894579386,"avgGA":1.0122857007158714,"frozenAt":1782343136855},"fdcdm_537356":{"avgGF":1.8774947894579386,"avgGA":1.0122857007158714,"frozenAt":1782343136856},"fdcdm_537361":{"avgGF":1.8774947894579386,"avgGA":1.0122857007158714,"frozenAt":1782343136856},"fdcdm_537362":{"avgGF":1.8774947894579386,"avgGA":1.0122857007158714,"frozenAt":1782343136857},"fdcdm_537350":{"avgGF":1.9363635203808705,"avgGA":1.1307781880271728,"frozenAt":1782357794279},"fdcdm_537395":{"avgGF":2.009690047719519,"avgGA":1.1452221585914972,"frozenAt":1782414417278},"fdcdm_537396":{"avgGF":2.009690047719519,"avgGA":1.1452221585914972,"frozenAt":1782414417281},"fdcdm_537373":{"avgGF":1.838655643684372,"avgGA":1.090210563265844,"frozenAt":1782434044871},"fdcdm_537367":{"avgGF":1.9528308071539173,"avgGA":1.022271149652529,"frozenAt":1782447581186},"fdcdm_537368":{"avgGF":1.9528308071539173,"avgGA":1.022271149652529,"frozenAt":1782447581189},"fdcdm_537413":{"avgGF":1.7743713199893256,"avgGA":0.9395628613261912,"frozenAt":1782507704370},"fdcdm_537414":{"avgGF":1.7743713199893256,"avgGA":0.9395628613261912,"frozenAt":1782507704375},"fdcdm_537407":{"avgGF":1.7682657992376862,"avgGA":1.0068799921074787,"frozenAt":1782517392261},"fdcdm_537408":{"avgGF":1.7682657992376862,"avgGA":1.0068799921074787,"frozenAt":1782517392265},"fdcdm_537401":{"avgGF":1.8284950907761253,"avgGA":1.03442930004966,"frozenAt":1782576213054},"fdcdm_537402":{"avgGF":1.8284950907761253,"avgGA":1.03442930004966,"frozenAt":1782576213055},"fdcdm_537417":{"avgGF":1.8475733980493405,"avgGA":0.902959862285403,"frozenAt":1782604778178},"fdcdm_537423":{"avgGF":1.8168379970190012,"avgGA":0.7481634816076359,"frozenAt":1782666564837},"fdcdm_537415":{"avgGF":2.1026578190658016,"avgGA":0.8239352726950478,"frozenAt":1782679367022},"fdcdm_537418":{"avgGF":2.2689162245765426,"avgGA":0.8092711394328003,"frozenAt":1782695653065},"fdcdm_537424":{"avgGF":2.3928671888511928,"avgGA":0.8648261169083092,"frozenAt":1782753858865},"fdcdm_537416":{"avgGF":2.464527900660906,"avgGA":1.0357180799225212,"frozenAt":1782769771586},"fdcdm_537425":{"avgGF":2.096321877405414,"avgGA":0.8842603972572115,"frozenAt":1782784460919},"fdcdm_537426":{"avgGF":2.0300534086109314,"avgGA":0.98400269848976,"frozenAt":1782868879865},"fdcdm_537422":{"avgGF":2.0300534086109314,"avgGA":0.98400269848976,"frozenAt":1782868879868},"fdcdm_537421":{"avgGF":2.0300534086109314,"avgGA":0.98400269848976,"frozenAt":1782868879868},"fdcdm_537420":{"avgGF":2.1557406085315907,"avgGA":1.1289697613384235,"frozenAt":1782946752038},"fdcdm_537419":{"avgGF":2.1841844394011565,"avgGA":1.0705406100801527,"frozenAt":1782946842536},"fdcdm_537429":{"avgGF":2.2783781557273852,"avgGA":0.8802998017629662,"frozenAt":1782961328271},"fdcdm_537428":{"avgGF":2.0700521539683363,"avgGA":0.820557957651793,"frozenAt":1783018827729},"fdcdm_537430":{"avgGF":1.9216661020928578,"avgGA":0.8491566868020191,"frozenAt":1783045668265},"fdcdm_537376":{"avgGF":1.7955533824288477,"avgGA":0.7159969193552892,"frozenAt":1783098999808},"fdcdm_537375":{"avgGF":1.8407685747807738,"avgGA":0.739843469473953,"frozenAt":1783115184358},"fdcdm_537377":{"avgGF":1.968899223209159,"avgGA":0.8061336145931359,"frozenAt":1783198186314},"fdcdm_537378":{"avgGF":1.98177796590155,"avgGA":0.7259028811673041,"frozenAt":1783211517568},"fdcdm_537380":{"avgGF":2.0624700196471153,"avgGA":0.741533019338986,"frozenAt":1783298274284},"fdcdm_537381":{"avgGF":2.155496103546707,"avgGA":0.8075365713904824,"frozenAt":1783378032292},"fdcdm_537382":{"avgGF":2.155496103546707,"avgGA":0.8075365713904824,"frozenAt":1783378032293},"fdcdm_537383":{"avgGF":2.5648121989392028,"avgGA":0.6031921256752486,"frozenAt":1783541302720},"fdcdm_537384":{"avgGF":2.714254952798805,"avgGA":0.48055469712212195,"frozenAt":1783629691982},"fdcdm_537385":{"avgGF":2.5001814778284963,"avgGA":0.9622833678735438,"frozenAt":1783720765276},"fdcdm_537386":{"avgGF":2.4242188178194146,"avgGA":0.8159850617593639,"frozenAt":1783735250101},"fdcdm_537387":{"avgGF":2.4082141263034833,"avgGA":0.4558327212625055,"frozenAt":1783971917030},"fdcdm_537388":{"avgGF":2.3739202925467313,"avgGA":0.5206855675816019,"frozenAt":1784058577135},"fdcdm_537389":{"avgGF":2.2507127022254307,"avgGA":0.7542650531709736,"frozenAt":1784322281144}}